{"_wandb": {"runtime": 688}, "Epochs": 1, "_timestamp": 1724360041.669427, "_runtime": 688.3870890140533, "_step": 0}