{"Epochs": 4, "_timestamp": 1724866315.7781746, "_runtime": 289.307475566864, "_step": 7}